60146,0.15,0,0.69,0.69,0,LOFAR,-
59861.68433,15.5,24.74,0.11,1.241881234,1,AMI,0.13085789
59861.72599,15.5,33.32,0.076,1.667732592,1,AMI,0.17251789
59861.76766,15.5,42.65,0.078,2.133926018,1,AMI,0.21418789
59861.80933,15.5,47.76,0.69,2.485687832,1,AMI,0.25585789
59861.94137,6,9.39,0.39,1.016769885,1,ATA,0.38789789
59862.04556,3,3.97,0.5,0.638442636,1,ATA,0.49208789
59862.12425,8,28.39,0.59,2.899658773,1,ATA,0.57077789
59862.12425,10,37.64,0.91,3.872440574,1,ATA,0.57077789
59862.2997,3,9.08,0.52,1.046357491,1,ATA,0.74622789
59862.2997,5,16.73,0.36,1.711294539,1,ATA,0.74622789
59862.58507,15.5,26.47,0.37,1.374246066,1,AMI,1.03159789
59862.6654,15.5,27.96,0.24,1.418451268,1,AMI,1.11192789
59862.72709,78.26,16.619,0.062,1.663056105,1,NEOMA,1.17361789
59862.72709,91.74,14.961,0.063,1.497425861,1,NEOMA,1.17361789
59862.75163,15.5,25.688,0.069,1.286252059,1,AMI,1.19815789
59862.81647,1.28,2.103,0.024,0.211665042,1,MeerKAT,1.26299789
59862.91022,15.5,21.68,0.13,1.091767374,1,AMI,1.35674789
59862.92072,3,10.7,0.64,1.246795893,1,ATA,1.36724789
59862.92072,5,18.83,0.41,1.927119353,1,ATA,1.36724789
59862.99555,8,23.31,0.52,2.388296673,1,ATA,1.44207789
59862.99555,10,20.02,0.85,2.174972184,1,ATA,1.44207789
59863.09556,3,12.08,0.5,1.307388236,1,ATA,1.54208789
59863.09556,5,19.41,0.42,1.985920693,1,ATA,1.54208789
59863.17041,8,19.13,0.5,1.977263007,1,ATA,1.61693789
59863.17041,10,15.08,0.86,1.735990783,1,ATA,1.61693789
59863.25946,3,15.45,0.59,1.653821333,1,ATA,1.70598789
59863.25946,5,18.69,0.45,1.922410206,1,ATA,1.70598789
59863.30591,8,18.86,0.48,1.946123326,1,ATA,1.75243789
59863.30591,10,14.14,0.8,1.624621802,1,ATA,1.75243789
59863.66302,15.5,12.334,0.061,0.619709521,1,AMI,2.10954789
59863.79032,1.51,3.981,0.074,0.212360313,1,e-MERLIN,2.23684789
59863.84656,15.5,11.699,0.047,0.586835158,1,AMI,2.29308789
59863.91647,97.5,9.21,0.09,0.469212372,1,ALMA,2.36299789
59863.93356,3,10.35,0.52,1.158285371,1,ATA,2.38008789
59863.93356,5,12.28,0.45,1.307854732,1,ATA,2.38008789
59864.00838,8,12.96,0.5,1.389106187,1,ATA,2.45490789
59864.00838,10,12.03,0.92,1.514466573,1,ATA,2.45490789
59864.12204,230.7,9.44,0.9,1.304276044,1,SMA,2.56856789
59864.292,0.89,2.2,0.1,0.241660919,1,ASKAP,2.73852789
59864.67484,15.5,9.12,0.063,0.460331402,1,AMI,3.12136789
59864.67484,15.5,9.238,0.059,0.465652886,1,AMI,3.12136789
59865.00747,19,8.376,0.129,0.438217343,1,VLA,3.45399789
59865.00747,21,8.151,0.135,0.429327384,1,VLA,3.45399789
59865.00747,23,7.903,0.136,0.417898938,1,VLA,3.45399789
59865.00747,25,7.902,0.14,0.419170622,1,VLA,3.45399789
59865.01357,12.8,9.1,0.1071,0.467434926,1,VLA,3.46009789
59865.01357,14.3,8.8028,0.1017,0.45173677,1,VLA,3.46009789
59865.01357,15.9,8.5557,0.1145,0.442843377,1,VLA,3.46009789
59865.01357,17.4,8.5119,0.1391,0.447749834,1,VLA,3.46009789
59865.01857,9,9.869,0.068,0.498113343,1,VLA,3.46509789
59865.01857,11,9.175,0.068,0.463762399,1,VLA,3.46509789
59865.02377,2.5,11.124,0.086,0.562809417,1,VLA,3.47029789
59865.02377,3.5,11.443,0.183,0.60070344,1,VLA,3.47029789
59865.02377,5,10.567,0.0645,0.532272461,1,VLA,3.47029789
59865.02377,7,10.131,0.0425,0.508329767,1,VLA,3.47029789
59865.06859,3,12.04,0.51,1.307561088,1,ATA,3.51511789
59865.06859,5,9.37,0.37,1.007407068,1,ATA,3.51511789
59865.14571,225.54,7.69,0.96,1.230024796,1,SMA,3.59223789
59865.23855,3,13.34,0.72,1.515901052,1,ATA,3.68507789
59865.23855,5,10.57,0.53,1.182433508,1,ATA,3.68507789
59865.28548,8,9.63,0.55,1.10899459,1,ATA,3.73200789
59865.28548,10,11.67,0.97,1.517494316,1,ATA,3.73200789
59865.55747,1.28,6.273,0.036,0.628332149,1,MeerKAT,4.00399789
59865.68527,15.5,7.968,0.076,0.405584221,1,AMI,4.13179789
59865.70352,1.51,2.87,0.11,0.180809983,1,e-MERLIN,4.15004789
59865.85079,15.5,7.683,0.038,0.386024899,1,AMI,4.29731789
59865.85346,97.5,7,1,1.220655562,1,NEOMA,4.29998789
59865.90602,3,9.39,0.55,1.088219187,1,ATA,4.35254789
59865.90602,5,8.4,0.35,0.91,1,ATA,4.35254789
59865.93127,97.5,6.625,0.021,0.331914993,1,ALMA,4.37779789
59865.98854,8,7.53,0.62,0.975401968,1,ATA,4.43506789
59865.98854,10,7.5,1,1.25,1,ATA,4.43506789
59866.65068,15.5,7.181,0.06,0.364028711,1,AMI,5.09720789
59866.83767,15.5,7.053,0.047,0.355768215,1,AMI,5.28419789
59866.9081,3,7.97,0.54,0.962709198,1,ATA,5.35462789
59866.9081,5,7.36,0.33,0.806595314,1,ATA,5.35462789
59866.983,8,7.79,0.48,0.915008743,1,ATA,5.42952789
59866.983,10,7.4,0.86,1.134548368,1,ATA,5.42952789
59867.18771,229.01,4.95,0.37,0.618000809,1,SMA,5.63423789
59867.18771,290.01,4.97,0.69,0.85035816,1,SMA,5.63423789
59867.30347,0.8875,3.162,0.045,0.319386036,1,ASKAP,5.750011574
59867.34028,16.7,7.1,0.08,0.363902459,1,ATCA,5.78680789
59867.34028,21.2,6.07,0.1,0.319550074,1,ATCA,5.78680789
59867.34514,45,3.6,0.16,0.240831892,1,ATCA,5.79166789
59867.34514,47,3.48,0.19,0.257635401,1,ATCA,5.79166789
59867.35556,33,4.75,0.12,0.266094438,1,ATCA,5.80208789
59867.35556,35,4.38,0.12,0.249721845,1,ATCA,5.80208789
59867.65973,15.5,6.682,0.055,0.338596825,1,AMI,6.10625789
59867.67927,1.28,5.66,0.18,0.593932656,1,MeerKAT,6.12579789
59867.75309,74.26,4.994,0.052,0.50209995,1,NEOMA,6.19961789
59867.75309,89.74,4.922,0.037,0.493588736,1,NEOMA,6.19961789
59867.83632,15.5,6.841,0.053,0.34613177,1,AMI,6.28284789
59867.88607,97.5,5.315,0.036,0.268177297,1,ALMA,6.33259789
59867.90139,136.26,3.399,0.153,0.372747917,1,NEOMA,6.34791789
59867.90139,151.74,3.491,0.194,0.399383037,1,NEOMA,6.34791789
59867.98367,12.8,6.4386,0.0578,0.327077613,1,VLA,6.43019789
59867.98367,14.3,6.0417,0.0438,0.305243816,1,VLA,6.43019789
59867.98367,15.9,5.9581,0.0512,0.302272773,1,VLA,6.43019789
59867.98367,17.4,5.4398,0.0724,0.281461045,1,VLA,6.43019789
59867.98867,9,7.3193,0.0417,0.368333098,1,VLA,6.43519789
59867.98867,11,6.6601,0.055,0.337516414,1,VLA,6.43519789
59867.9929,10,7.08,0.66,0.967917352,1,ATA,6.43942789
59867.99387,5,7.1855,0.072,0.366418512,1,VLA,6.44039789
59867.99387,7,7.3665,0.0853,0.378073268,1,VLA,6.44039789
59867.99997,2.5,7.7578,0.0817,0.396400734,1,VLA,6.44649789
59867.99997,3.5,7.6613,0.0739,0.390128189,1,VLA,6.44649789
59868.20708,229.54,4.19,0.78,0.885415722,1,SMA,6.65360789
59868.61821,15.5,5.994,0.068,0.307317572,1,AMI,7.06473789
59868.84829,3,7.3,0.54,0.908019824,1,ATA,7.29481789
59868.84829,5,6.86,0.28,0.740942643,1,ATA,7.29481789
59869.00261,8,7.64,0.4,0.862378107,1,ATA,7.44913789
59869.00261,10,7.48,0.56,0.934400342,1,ATA,7.44913789
59869.18354,272,4.16,0.51,0.65814588,1,SMA,7.63006789
59869.18354,341,2.96,1.3,3.9,0,SMA,7.63006789
59869.27222,0.8875,3.192,0.056,0.324075053,1,ASKAP,7.718761574
59869.81909,15.5,5.588,0.035,0.281583664,1,AMI,8.26561789
59870.13029,229.54,3.83,0.74,0.833240061,1,SMA,8.57681789
59870.68547,15.5,4.524,0.053,0.23232615,1,AMI,9.13199789
59871.69036,15.5,4.223,0.045,0.215891923,1,AMI,10.13688789
59871.92004,3,5.63,0.51,0.759650578,1,ATA,10.36656789
59871.92004,5,5.33,0.28,0.602070594,1,ATA,10.36656789
59871.98197,97.5,3.384,0.024,0.170893651,1,ALMA,10.42849789
59872.02343,8,4.47,0.38,0.586693276,1,ATA,10.46995789
59872.02343,10,4.56,0.67,0.810454194,1,ATA,10.46995789
59872.65207,0.82,3.26,0.31,0.449862201,1,MeerKAT,11.09859789
59872.65207,1.28,4.957,0.034,0.49686466,1,MeerKAT,11.09859789
59872.72502,15.5,3.927,0.062,0.205906101,1,AMI,11.17154789
59872.72502,15.5,3.927,0.062,0.205906101,1,AMI,11.17154789
59872.72502,15.5,3.927,0.062,0.205906101,1,AMI,11.17154789
59873.69251,15.5,3.458,0.085,0.192663982,1,AMI,12.13903789
59873.69251,15.5,3.458,0.085,0.192663982,1,AMI,12.13903789
59873.69251,15.5,3.458,0.085,0.192663982,1,AMI,12.13903789
59873.85976,1.51,3.522,0.056,0.184789637,1,e-MERLIN,12.30628789
59873.95747,8.3,3.02,0.077,0.169499263,1,VLBA,12.40399789
59873.98717,12.8,3.3396,0.0243,0.168738882,1,VLA,12.43369789
59873.98717,14.3,3.3872,0.0284,0.171724691,1,VLA,12.43369789
59873.98717,15.9,3.4531,0.0359,0.176347835,1,VLA,12.43369789
59873.98717,17.4,3.3569,0.0466,0.174193869,1,VLA,12.43369789
59873.99217,9,3.5399,0.1398,0.225546603,1,VLA,12.43869789
59873.99217,11,3.33,0.1877,0.25090544,1,VLA,12.43869789
59873.99727,5,4.4097,0.0332,0.22297057,1,VLA,12.44379789
59873.99727,7,3.8477,0.0488,0.198477778,1,VLA,12.44379789
59874.00347,2.5,5.316,0.0442,0.269449958,1,VLA,12.44999789
59874.00347,3.5,4.8179,0.0408,0.244325686,1,VLA,12.44999789
59874.27222,0.8875,3.168,0.046,0.320122227,1,ASKAP,12.71876157
59874.86429,15.5,3.829,0.09,0.211549291,1,AMI,13.31081789
59874.86429,15.5,3.829,0.09,0.211549291,1,AMI,13.31081789
59874.86429,15.5,3.829,0.09,0.211549291,1,AMI,13.31081789
59874.92629,3,3.79,0.58,0.692849912,1,ATA,13.37281789
59874.92629,5,4.39,0.5,0.665372828,1,ATA,13.37281789
59875.25972,0.8875,3.17,0.043,0.31990311,1,ASKAP,13.70626157
59875.69118,15.5,3.661,0.096,0.20669616,1,AMI,14.13770789
59875.69118,15.5,3.661,0.096,0.20669616,1,AMI,14.13770789
59875.69118,15.5,3.661,0.096,0.20669616,1,AMI,14.13770789
59875.94323,3,3.17,0.47,0.56691181,1,ATA,14.38975789
59875.94323,5,3.64,0.26,0.447320914,1,ATA,14.38975789
59876.04689,8,2.84,0.36,0.458536803,1,ATA,14.49341789
59876.04689,10,3.38,0.59,0.679958822,1,ATA,14.49341789
59876.27,45,0.68,0.08,0.08,1,ATCA,-
59876.27778,16.7,2.85,0.21,0.253783865,1,ATCA,14.72430789
59876.27778,21.2,2.34,0.19,0.223134489,1,ATCA,14.72430789
59876.28264,45,0.88,0.165,0.170765922,1,ATCA,14.72916789
59876.28264,45.8,0.804,0.146,0.151433286,1,ATCA,14.72916789
59876.28264,47,0.769,0.202,0.205626853,1,ATCA,14.72916789
59876.29097,34,1.68,0.24,0.254275441,1,ATCA,14.73749789
59876.89197,97.5,2.324,0.021,0.118082344,1,ALMA,15.33849789
59876.89713,15.5,2.63,0.14,0.192073554,1,AMI,15.34365789
59876.89713,15.5,2.63,0.14,0.192073554,1,AMI,15.34365789
59876.89713,15.5,2.63,0.14,0.192073554,1,AMI,15.34365789
59877.49576,74.26,2.476,0.217,0.329233595,1,NEOMA,15.94228789
59877.49576,89.74,2.297,0.212,0.312579734,1,NEOMA,15.94228789
59877.66774,15.5,3.362,0.072,0.182870473,1,AMI,16.11426789
59877.66774,15.5,3.362,0.072,0.182870473,1,AMI,16.11426789
59877.66774,15.5,3.362,0.072,0.182870473,1,AMI,16.11426789
59877.71497,0.82,3.13,0.16,0.351523826,1,MeerKAT,16.16149789
59877.71497,1.28,4.036,0.047,0.406327405,1,MeerKAT,16.16149789
59878.2094,5.07,2.153,0.083,0.135932051,1,e-MERLIN,16.65592789
59878.76626,136.26,1.842,0.064,0.195001641,1,NEOMA,17.21278789
59878.76626,151.74,1.649,0.08,0.183281232,1,NEOMA,17.21278789
59879.03837,9,2.695,0.0375,0.139870699,1,VLA,17.48489789
59879.03837,11,2.559,0.0441,0.135336664,1,VLA,17.48489789
59879.04817,5,3.133,0.0714,0.172154531,1,VLA,17.49469789
59879.04817,7,2.88,0.069,0.159677801,1,VLA,17.49469789
59879.05347,2.5,3.501,0.0713,0.189013736,1,VLA,17.49999789
59879.05347,3.5,3.336,0.0554,0.175759495,1,VLA,17.49999789
59879.58017,0.4,1.2753,0.3939,0.3990278,1,GMRT,18.02669789
59879.66782,15.5,3.29,0.11,0.197889489,1,AMI,18.11434789
59879.66782,15.5,3.29,0.11,0.197889489,1,AMI,18.11434789
59880.6734,15.5,2.66,0.11,0.172594901,1,AMI,19.11992789
59882.94647,8.3,2.122,0.045,0.115248471,1,VLBA,21.39299789
59883.37817,1.26,2.8737,0.1116,0.181933887,1,GMRT,21.82469789
59883.43297,0.75,1.8933,0.2081,0.22861993,1,GMRT,21.87949789
59883.898,3,2.43,0.46,0.520239368,1,ATA,22.34452789
59883.898,5,2.28,0.24,0.331034741,1,ATA,22.34452789
59884.08731,8,2.12,0.33,0.392229525,1,ATA,22.53383789
59884.08731,10,3.8,0.51,0.636003145,1,ATA,22.53383789
59885.75,1.5,2.302,0.033,0.119737254,1,e-MERLIN,24.19652789
59886.56906,15.5,1.904,0.08,0.124350472,1,AMI,25.01558789
59887.25625,16.7,1.83,0.1,0.135544273,1,ATCA,25.70277789
59887.25625,21.2,1.73,0.1,0.13222046,1,ATCA,25.70277789
59887.25694,33,1.58,0.08,0.112432202,1,ATCA,25.70346789
59887.25694,35,1.55,0.09,0.118769735,1,ATCA,25.70346789
59887.56841,15.5,1.614,0.05,0.094934135,1,AMI,26.01493789
59888.20972,0.8875,2.276,0.045,0.232005948,1,ASKAP,26.65626157
59888.5643,15.5,1.512,0.1,0.125360919,1,AMI,27.01082789
59889.62963,15.5,1.47,0.1,0.124105802,1,AMI,28.07615789
59889.88217,12.8,1.6941,0.0584,0.102885845,1,VLA,28.32869789
59889.88217,14.3,1.6702,0.0575,0.101391174,1,VLA,28.32869789
59889.88217,15.9,1.6422,0.0625,0.103190611,1,VLA,28.32869789
59889.88217,17.4,1.5929,0.0744,0.108989385,1,VLA,28.32869789
59889.88717,9,1.833,0.0289,0.096098556,1,VLA,28.33369789
59889.88717,11,1.7686,0.0301,0.093412392,1,VLA,28.33369789
59889.89237,5,2.044,0.0452,0.111749183,1,VLA,28.33889789
59889.89237,7,1.8886,0.0443,0.104304913,1,VLA,28.33889789
59889.89857,2.5,2.3756,0.086,0.146644769,1,VLA,28.34509789
59889.89857,3.5,2.2523,0.0509,0.12358377,1,VLA,28.34509789
59890.64748,15.5,1.644,0.05,0.096212473,1,AMI,29.09400789
59892.62886,15.5,1.618,0.04,0.090248601,1,AMI,31.07538789
59893.62959,15.5,1.963,0.06,0.115036614,1,AMI,32.07611789
59893.76042,1.5,1.936,0.027,0.100494975,1,e-MERLIN,32.20694789
59894.41627,0.75,2.1231,0.1679,0.198643636,1,GMRT,32.86279789
59894.50346,136.26,0.945,0.067,0.115841487,1,NEOMA,32.94998789
59894.50346,151.74,0.822,0.075,0.111273717,1,NEOMA,32.94998789
59894.57087,0.4,0.8609,0.1787,0.183811213,1,GMRT,33.01739789
59894.62186,74.26,1.291,0.029,0.132317081,1,NEOMA,33.06838789
59894.62186,89.74,1.252,0.02,0.126787381,1,NEOMA,33.06838789
59894.68435,15.5,1.582,0.04,0.088638648,1,AMI,33.13087789
59895.29677,1.26,2.3262,0.0751,0.138448641,1,GMRT,33.74329789
59895.65807,15.5,1.794,0.03,0.094583772,1,AMI,34.10459789
59896.35694,5.24,2.16,0.1,0.147186956,1,ATCA,34.80346789
59896.35694,6.27,1.82,0.13,0.158685223,1,ATCA,34.80346789
59896.35694,8.23,1.82,0.13,0.158685223,1,ATCA,34.80346789
59896.35694,8.74,1.79,0.15,0.174671835,1,ATCA,34.80346789
59896.35694,9,1.7,0.12,0.147054412,1,ATCA,34.80346789
59896.35694,9.26,1.6,0.14,0.161245155,1,ATCA,34.80346789
59896.35694,9.77,1.72,0.15,0.172904598,1,ATCA,34.80346789
59896.69551,15.5,1.615,0.05,0.094976642,1,AMI,35.14203789
59897.62421,15.5,1.46,0.06,0.094493386,1,AMI,36.07073789
59897.85347,8.3,1.347,0.047,0.082128086,1,VLBA,36.29999789
59898.0547,5,1.88,0.23,0.297058917,1,ATA,36.50122789
59898.66304,15.5,1.406,0.04,0.080883187,1,AMI,37.10956789
59899.65684,15.5,1.618,0.04,0.090248601,1,AMI,38.10336789
59900.56035,15.5,2.03,0.04,0.109097434,1,AMI,39.00687789
59900.70417,89.7,0.928,0.04,0.101053649,1,NOEMA,-
59900.70417,105.2,0.973,0.05,0.10939511,1,NOEMA,-
59900.79485,5,2.183,0.031,0.220490113,1,ATA,-
59901.55346,8.4,0.98,0.05,0.05,1,EVN,40
59901.64999,15.5,1.521,0.04,0.085927891,1,AMI,40.09651789
59902.24236,33,0.976,0.218,0.223395255,1,ATCA,40.68888789
59902.24375,16.7,0.985,0.123,0.132493632,1,ATCA,40.69027789
59902.24375,17.4,0.937,0.115,0.124176981,1,ATCA,40.69027789
59902.24375,21.2,0.719,0.187,0.19042427,1,ATCA,40.69027789
59902.64242,15.5,1.718,0.051,0.096436559,1,AMI,41.08894789
59903.66358,15.5,1.379,0.046,0.082886081,1,AMI,42.11010789
59904.23264,5.5,1.75,0.11,0.140556928,1,ATCA,42.67916789
59904.23264,9,1.15,0.08,0.098520302,1,ATCA,42.67916789
59904.55346,4.8,1.31,0.01,0.01,1,EVN,43
59904.62747,15.5,1.65,0.2,0.216347521,1,AMI,43.07399789
59905.553,15.2,0.9,0.06,0.06,1,VLBA,44
59905.58783,15.5,1.411,0.054,0.08884426,1,AMI,44.03435789
59905.79293,5,0,1.89,1.89,0,ATA,-
59906.59888,15.5,1.27,0.14,0.153727844,1,AMI,45.04540789
59907.6218,15.5,1.325,0.093,0.114184336,1,AMI,46.06832789
59907.7723,5,1.854,0.069,0.197823558,1,ATA,-
59907.80505,7,1.68,0.16,0.232,1,ATA,-
59908.58206,15.5,1.388,0.055,0.088551454,1,AMI,47.02858789
59909.61326,15.5,1.223,0.045,0.075923135,1,AMI,48.05978789
59910.6178,15.5,1.201,0.068,0.090719361,1,AMI,49.06432789
59910.66247,1.28,2.131,0.073,0.225256765,1,MeerKAT,49.10899789
59910.66667,0.82,1.23,0.271,0.297607124,1,MeerKAT,49.11319789
59911.62788,15.5,1.323,0.037,0.075794607,1,AMI,50.07440789
59911.77573,5,1.84,0.11,0.214373506,1,ATA,-
59912.53577,0.4,0.748,0.18,0.183844391,1,GMRT,50.98229789
59912.57979,15.5,1.158,0.057,0.081249062,1,AMI,51.02631789
59914.02687,30,0.8685,0.061,0.074878105,1,VLA,52.47339789
59914.02687,32,0.8944,0.0577,0.073001153,1,VLA,52.47339789
59914.02687,34,0.7361,0.0751,0.083633833,1,VLA,52.47339789
59914.02687,36,0.7407,0.0683,0.077694795,1,VLA,52.47339789
59914.03357,19,1.0414,0.051,0.072885423,1,VLA,52.48009789
59914.03357,21,1.0273,0.0683,0.085459073,1,VLA,52.48009789
59914.03357,23,0.9964,0.0682,0.084458702,1,VLA,52.48009789
59914.03357,25,0.8676,0.0537,0.069032705,1,VLA,52.48009789
59914.03967,12.8,1.1982,0.0371,0.070467142,1,VLA,52.48619789
59914.03967,14.3,1.1026,0.0299,0.062716241,1,VLA,52.48619789
59914.03967,15.9,1.0644,0.0292,0.06070427,1,VLA,52.48619789
59914.03967,17.4,1.0555,0.0428,0.067948809,1,VLA,52.48619789
59914.04477,9,1.344,0.0294,0.073349847,1,VLA,52.49129789
59914.04477,11,1.2561,0.0448,0.077146018,1,VLA,52.49129789
59914.04987,5,1.6331,0.046,0.093720537,1,VLA,52.49639789
59914.04987,7,1.4751,0.0391,0.083478201,1,VLA,52.49639789
59914.05607,2.5,1.7698,0.0805,0.119627464,1,VLA,52.50259789
59914.05607,3.5,1.6532,0.0666,0.106151946,1,VLA,52.50259789
59914.56533,15.5,1.118,0.066,0.086491676,1,AMI,53.01185789
59914.79678,5,3.78,0.25,0.453193116,1,ATA,-
59915.61938,15.5,1.187,0.054,0.080239781,1,AMI,54.06590789
59915.775,89.7,0.668,0.07,0.096758669,1,NOEMA,-
59915.775,105.2,0.541,0.09,0.105008619,1,NOEMA,-
59916.59934,15.5,1.388,0.046,0.083260795,1,AMI,55.04586789
59917.59627,15.5,1.09,0.068,0.087144994,1,AMI,56.04279789
59918.54056,15.5,1.08,0.072,0.09,1,AMI,56.98708789
59918.66667,1.5,1.087,0.033,0.06358398,1,e-MERLIN,57.11319789
59919.6237,15.5,0.957,0.037,0.060486548,1,AMI,58.07022789
59920.57942,15.5,0.929,0.068,0.082350486,1,AMI,59.02594789
59921.60335,15.5,0.84,0.035,0.054671748,1,AMI,60.04987789
59922.59577,15.5,0.624,0.051,0.059786621,1,AMI,61.04229789
59923.63147,15.5,0.869,0.06,0.074080379,1,AMI,62.07799789
59924.52832,15.5,0.874,0.069,0.081674292,1,AMI,62.97484789
59925.76147,8.3,0.886,0.082,0.093201341,1,VLBA,64.20799789
59926.10278,0.8875,1.231,0.04,0.129435737,1,ASKAP,64.54931713
59927.09514,0.8875,1.3,0.033,0.134123078,1,ASKAP,65.54167824
59928.17778,0.8875,1.368,0.061,0.149783978,1,ASKAP,66.62431713
59929.08889,0.8875,1.129,0.03,0.11681785,1,ASKAP,67.53542824
59930.72917,1.5,0.607,0.04,0.050210781,1,e-MERLIN,69.17569789
59932.73933,5,1.249,0.077,0.146727673,1,ATA,-
59933.22361,5.24,0.842,0.054,0.068471965,1,ATCA,71.67013789
59933.22361,6.27,0.735,0.065,0.074669689,1,ATCA,71.67013789
59933.22361,8.23,0.519,0.07,0.074655224,1,ATCA,71.67013789
59933.22361,8.74,0.489,0.063,0.067578121,1,ATCA,71.67013789
59933.22361,9,0.447,0.036,0.042373606,1,ATCA,71.67013789
59933.22361,9.26,0.445,0.055,0.059330115,1,ATCA,71.67013789
59933.22361,9.77,0.335,0.07,0.071976125,1,ATCA,71.67013789
59934.54188,15.5,0.513,0.085,0.088785824,1,AMI,72.98840789
59935.55578,15.5,0.721,0.077,0.085021189,1,AMI,74.00230789
59936.4921,15.5,0.686,0.17,0.173425748,1,AMI,74.93862789
59936.73127,97.5,0.441,0.02,0.029769153,1,ALMA,75.17779789
59937.54546,15.5,0.507,0.046,0.05252259,1,AMI,75.99198789
59937.97207,30,0.4888,0.0555,0.060642919,1,VLA,76.41859789
59937.97207,32,0.4536,0.0423,0.047996587,1,VLA,76.41859789
59937.97207,34,0.4317,0.0656,0.069059918,1,VLA,76.41859789
59937.97207,36,0.3856,0.0548,0.058092671,1,VLA,76.41859789
59937.97877,19,0.6377,0.0519,0.06091193,1,VLA,76.42529789
59937.97877,21,0.5552,0.0356,0.045143965,1,VLA,76.42529789
59937.97877,23,0.5319,0.059,0.06471703,1,VLA,76.42529789
59937.97877,25,0.5781,0.0424,0.05131529,1,VLA,76.42529789
59937.98487,12.8,0.782,0.0299,0.049222149,1,VLA,76.43139789
59937.98487,14.3,0.7132,0.0291,0.046026575,1,VLA,76.43139789
59937.98487,15.9,0.711,0.0287,0.045689085,1,VLA,76.43139789
59937.98487,17.4,0.6652,0.0377,0.050274423,1,VLA,76.43139789
59937.98997,9,0.8253,0.038,0.056096348,1,VLA,76.43649789
59937.98997,11,0.8222,0.0332,0.052841954,1,VLA,76.43649789
59937.99507,5,1.0216,0.032,0.060275753,1,VLA,76.44159789
59937.99507,7,0.896,0.0294,0.053585446,1,VLA,76.44159789
59938.00127,2.5,1.0384,0.0584,0.078142475,1,VLA,76.44779789
59938.00127,3.5,1.0341,0.0417,0.066425123,1,VLA,76.44779789
59939.57325,15.5,0.469,0.041,0.047232431,1,AMI,78.01977789
59939.72682,5,1.038,0.069,0.124641245,1,ATA,-
59940.29377,1.26,1.3171,0.0982,0.118237562,1,GMRT,78.74029789
59940.39827,0.4,0.942,0.138,0.145816357,1,GMRT,78.84479789
59940.47747,0.75,0.8611,0.289,0.29218955,1,GMRT,78.92399789
59940.56463,15.5,0.487,0.059,0.063827286,1,AMI,79.01115789
59941.15,5.24,0.854,0.065,0.077770753,1,ATCA,79.59652789
59941.15,6.27,0.695,0.063,0.071948332,1,ATCA,79.59652789
59941.15,8.23,0.469,0.069,0.072875939,1,ATCA,79.59652789
59941.15,8.74,0.485,0.068,0.072194615,1,ATCA,79.59652789
59941.15,9,0.463,0.0454,0.050961579,1,ATCA,79.59652789
59941.15,9.26,0.463,0.0629,0.067024865,1,ATCA,79.59652789
59941.15,9.77,0.454,0.057,0.06135381,1,ATCA,79.59652789
59941.15,5.5,0.82,0.05,0.05,1,ATCA,-
59941.15,9,0.42,0.03,0.03,1,ATCA,-
59942.71397,5,0,0.657,0.657,0,ATA,-
59946.70588,5,0.985,0.089,0.132752589,1,ATA,-
59947.50847,15.5,0.221,0.221,0.221276078,0,AMI,85.95499789
59949.69737,5,0.997,0.041,0.10780116,1,ATA,-
59950.52867,15.5,0.487,0.041,0.047685663,1,AMI,88.97519789
59953.52324,15.5,0.402,0.044,0.04837365,1,AMI,91.96976789
59953.66737,5,0.899,0.086,0.124410651,1,ATA,-
59954.49168,15.5,0.502,0.117,0.119662066,1,AMI,92.93820789
59956.72878,5,1.04,0.12,0.158795466,1,ATA,-
59959.35767,1.28,1.064,0.035,0.11200875,1,MeerKAT,97.80419789
59959.39583,0.745,0.546,0.139,0.139,1,uGMRT,-
59960.46881,15.5,0.3,0.043,0.04554119,1,AMI,98.91533789
59960.59517,97.5,0.28,0.018,0.022803509,1,ALMA,99.04169789
59961.125,1.27,0.816,0.082,0.082,1,uGMRT,-
59961.29167,0.402,0,0.81,0.81,0,uGMRT,-
59961.48478,15.5,0.37,0.04,0.044070965,1,AMI,99.93130789
59964.67025,5,0.747,0.048,0.088792398,1,ATA,-
59966.48152,15.5,0.317,0.078,0.079594111,1,AMI,104.9280479
59967.6602,5,0.767,0.028,0.081651026,1,ATA,-
59970.68737,5,0.69,0.068,0.09687621,1,ATA,-
59971.08,5.5,0.49,0.04,0.04,1,ATCA,-
59971.08715,5.5,0.544,0.023,0.05906234,1,ATCA,109.533
59971.08715,9,0.457,0.008,0.01,1,ATCA,109.533
59974.10301,2,1.2,0.1,0.1,1,ATCA,-
59974.66699,5,0.706,0.044,0.083188701,1,ATA,-
59975.553,15.2,0.26,0.08,0.08,1,VLBA,114
59976.44452,15.5,0.359,0.033,0.037565975,1,AMI,114.8910479
59977.64995,5,0.438,0.025,0.050432529,1,ATA,-
59978.55346,4.8,0.41,0.02,0.02,1,EVN,117
59979.55346,8.4,0.55,0.05,0.05,1,EVN,118
59981.44056,15.5,0.29,0.046,0.048231214,1,AMI,119.8870879
59981.57928,5,0.69,0.02,0.0718401,1,ATA,-
59982.42329,15.5,0.271,0.045,0.046995771,1,AMI,120.8698179
59989.35007,15.5,0.234478,4.72E-02,4.86E-02,1,AMI,-
59992.41875,89.7,0.153,0.02,0.025181144,1,NOEMA,-
59992.41875,105.2,0.085,0.022,0.023584953,1,NOEMA,-
59995.24781,15.5,0.277387,4.24E-02,4.46E-02,1,AMI,-
59999.30199,15.5,0.294803,5.27E-02,5.47E-02,1,AMI,-
60000.9,0.8875,0.593,0.046,0.075049917,1,ASKAP,139.3465394
60004.23639,15.5,0.211737,4.71E-02,4.83E-02,1,AMI,-
60005.20487,97.5,0.163,0.022,0.022,1,ALMA,143.65
60008.30788,15.5,0.405872,2.92E-02,3.56E-02,1,AMI,-
60009.20958,15.5,0.335058,4.39E-02,4.70E-02,1,AMI,-
60011.08333,0.402,0.641,0.109,0.109,1,uGMRT,-
60014.02083,0.745,0.39,0.095,0.095,1,uGMRT,-
60015.16667,1.27,0.522,0.04,0.04,1,uGMRT,-
60016.56635,5,0,0.45,0.45,0,ATA,-
60019.4366,5.5,0.316,0.089,0.094443422,1,ATCA,157.8831394
60019.4366,9,0.417,0.019,0.045824557,1,ATCA,157.8831394
60020.30208,89.758,0.135,0.025,0.028412145,1,NOEMA,158.7486133
60020.30208,105.244,0.135,0.032,0.03473111,1,NOEMA,158.7486133
60021.29524,15.5,0.420285,6.71E-02,7.03E-02,1,AMI,-
60024.24826,15.5,0.345636,4.02E-02,4.38E-02,1,AMI,-
60024.46594,5,0.393,0.028,0.04825443,1,ATA,-
60029.16814,15.5,0,1.65E-01,1.65E-01,0,AMI,-
60030.456,5,0.503,0.048,0.06952762,1,ATA,-
60032.14678,15.5,0.429276,3.33E-02,3.96E-02,1,AMI,-
60045.33727,97.5,0.104,0.023,0.023,1,ALMA,183.78
60056.19077,15.5,0.33,0.031,0.035117659,1,AMI,194.6372979
60058.35013,15.5,0.288,0.035,0.037846532,1,AMI,196.7966579
60058.77083,5,0.26,0.021,0.024698178,1,e-MERLIN,197.2173579
60059.13889,89.7,0.08,0.028,0.02912044,1,NOEMA,-
60059.13889,105.2,0.115,0.033,0.034946388,1,NOEMA,-
60059.17426,15.5,0.332,0.03,0.03428644,1,AMI,197.6207879
60063.1668,15.5,0.28,0.032,0.034928498,1,AMI,201.6133279
60066.553,15.2,0.33,0.1,0.1,1,VLBA,205
60066.55346,15,0.33,0.1,0.1,1,EVN,205
60069.3374,15.5,0.192,0.064,0.064715995,0,AMI,207.7839279
60070.25746,15.5,0,0.049,0.049,concat,AMI,-
60071.17751,15.5,0.123,0.041,0.041458684,0,AMI,209.6240379
60079.14044,15.5,0.123,0.041,0.041458684,0,AMI,217.5869679
60083.10042,15.5,0.147,0.049,0.049548184,0,AMI,221.5469479
60083.11497,15.5,0.186,0.009,0.012941793,concat_det,AMI,221.5614979
60087.10405,15.5,0.171,0.057,0.057637683,0,AMI,225.5505779
60091.18662,15.5,0.09,0.032,0.032314857,0,AMI,229.6331574
60095.61771,5.5,0.263,0.08,0.081073562,1,ATCA,-
60095.74167,9,0.188,0.003,0.009867117,1,ATCA,234.1881667
60105.07187,15.5,0,0.038,0.038,concat,AMI,-
60118.95711,15.5,0,0.056,0.056,0,AMI,257.403647
60122.5,5,0.16,0.01,0.01,1,EVN,261
60123.553,15.2,0.27,0.1,0.1,1,VLBA,262
60160.95462,15.5,0.233,0.031,0.033116801,1,AMI,-
60167.92388,15.5,0,0.185,0.185,0,AMI,-
60174.89118,15.5,0,0.052,0.052,concat,AMI,-
60174.93315,15.5,0,0.241,0.241,0,AMI,-
60181.8165,15.5,0,0.079,0.079,0,AMI,-
60336.94413,5.5,0.15,0.08,0.040697051,1,ATCA,-
60336.94413,9,0.102,0.015,0.02064001,1,ATCA,-
60658.47724190,3.06,0,0.011,0.011,0,MeerKAT,-
60658.41431944,1.28,0,0.015,0.015,0,MeerKAT,-
60610.10891088,5.5,0.049,0.013,0.0132,1,ATCA,-
60610.10891088,9.0,0.037,0.005,0.0053,1,ATCA,-